"date","close","volume","open","high","low"
"16:00","125.27","5,797,253","125.33","126.43","124.71"
"2016/02/02","125.2700","5830704.0000","125.4100","126.4300","124.7100"
"2016/02/01","126.5100","4616858.0000","124.9200","127.0900","123.9900"
"2016/01/29","125.7600","7616144.0000","123.1700","125.7600","122.7500"
"2016/01/28","122.2800","4868943.0000","121.9700","122.6900","120.3100"
"2016/01/27","121.5700","5407642.0000","122.4600","124.3200","120.8600"
"2016/01/26","122.2000","4469344.0000","121.7300","122.4500","120.6400"
"2016/01/25","121.7100","4848860.0000","123.3800","123.8500","121.5600"
"2016/01/22","122.7600","6553875.0000","121.6400","124.6700","121.5800"
"2016/01/21","120.2200","8992723.0000","117.3800","121.9400","117.1400"
"2016/01/20","116.4600","11329730.0000","117.8900","118.6600","113.5865"
"2016/01/19","119.7600","6343204.0000","120.5400","121.8900","118.8000"
"2016/01/15","119.2300","10514790.0000","117.1200","121.1500","116.1000"
"2016/01/14","119.6200","13380210.0000","121.2900","121.5150","118.2000"
"2016/01/13","121.4000","8915501.0000","127.4700","127.4700","120.9700"
"2016/01/12","127.4900","5686249.0000","126.7800","128.8000","125.8300"
"2016/01/11","125.7800","6784380.0000","124.8700","126.0800","124.0900"
"2016/01/08","123.9000","7094629.0000","126.4400","126.5300","123.5000"
"2016/01/07","125.4000","12542370.0000","126.9300","127.8800","124.7000"
"2016/01/06","129.0800","8198704.0000","129.0000","129.9000","128.5600"
"2016/01/05","130.4300","5316011.0000","131.1500","131.9400","130.0500"
"2016/01/04","131.0700","8046245.0000","130.1100","131.0700","129.4500"
"2015/12/31","132.2500","3178722.0000","133.0800","133.5684","132.2400"
"2015/12/30","133.3500","2484809.0000","133.5800","134.0600","133.2800"
"2015/12/29","133.7000","3037199.0000","133.3700","134.3299","133.2760"
"2015/12/28","132.6800","2607218.0000","132.2500","132.9000","131.8900"
"2015/12/24","132.9000","1517075.0000","132.8000","133.4800","132.6600"
"2015/12/23","133.1100","3240828.0000","132.4900","133.3400","131.8800"
"2015/12/22","131.8800","3398101.0000","131.3700","132.2815","130.4600"
"2015/12/21","131.3100","3409668.0000","131.0000","131.6100","130.1800"
"2015/12/18","130.2900","9807483.0000","130.7300","131.3100","130.0150"
"2015/12/17","131.3500","4342642.0000","133.0600","133.5400","130.9950"
"2015/12/16","132.9000","4707901.0000","132.1700","133.2800","130.3600"
"2015/12/15","131.2900","4921673.0000","132.6200","133.4900","131.1900"
"2015/12/14","132.0100","5954492.0000","131.0900","132.1255","130.7100"
"2015/12/11","130.4400","5300539.0000","131.0900","132.1900","130.3100"
"2015/12/10","132.5400","4186201.0000","131.9600","133.5900","131.8000"
"2015/12/09","131.9000","5054959.0000","133.2100","134.7800","131.5100"
"2015/12/08","133.8400","4731195.0000","132.7100","134.5600","132.4100"
"2015/12/07","133.9300","5443157.0000","134.0000","134.7900","133.1896"
"2015/12/04","134.5300","5386788.0000","131.5500","134.8299","131.3500"
"2015/12/03","130.9300","6687458.0000","133.5200","134.1200","130.8000"
"2015/12/02","133.8100","5021711.0000","134.5600","134.6500","133.5700"
"2015/12/01","134.4300","5267125.0000","133.5200","134.6300","133.2600"
"2015/11/30","133.8800","7922742.0000","135.2000","135.3200","133.0100"
"2015/11/27","134.7400","3337790.0000","134.8100","135.4700","134.5300"
"2015/11/25","134.6500","5299413.0000","133.6900","135.2400","133.5500"
"2015/11/24","133.6000","6670001.0000","131.9300","133.9300","131.7400"
"2015/11/23","132.5000","6328626.0000","130.2100","132.6400","130.2100"
"2015/11/20","130.2100","8187484.0000","127.3600","130.2100","127.0900"
"2015/11/19","126.8600","4658096.0000","126.5300","127.6200","125.9500"
"2015/11/18","126.5400","6489105.0000","126.4400","126.7300","124.6600"
"2015/11/17","126.1800","10508290.0000","124.8600","126.3400","123.1000"
"2015/11/16","120.8400","7769342.0000","120.0500","121.0300","118.6100"
"2015/11/13","120.0000","8718716.0000","123.1000","123.2500","119.9000"
"2015/11/12","123.8100","4282942.0000","124.1800","124.9700","123.0600"
"2015/11/11","124.7100","3247436.0000","125.4300","125.4300","124.5200"
"2015/11/10","125.2600","3872569.0000","124.4900","125.4100","124.0400"
"2015/11/09","124.5000","4988613.0000","125.8000","126.1200","123.7100"
"2015/11/06","125.9800","3751456.0000","125.2700","126.1092","124.8200"
"2015/11/05","125.7200","3080925.0000","125.4600","126.0080","124.9500"
"2015/11/04","125.3800","4101588.0000","125.4800","125.8700","124.6200"
"2015/11/03","125.6600","4313696.0000","124.2300","126.0400","123.8100"
"2015/11/02","124.4100","3715524.0000","124.2400","124.6400","123.3800"
"2015/10/30","123.6400","4991511.0000","123.2700","124.7500","123.2700"
"2015/10/29","123.6300","4635293.0000","123.4200","124.0700","122.7500"
"2015/10/28","123.8200","6821538.0000","124.3800","124.5900","122.2200"
"2015/10/27","124.4700","3674795.0000","124.5100","125.0900","123.8200"
"2015/10/26","125.0100","4550013.0000","124.5500","125.6600","124.0200"
"2015/10/23","124.6100","5278729.0000","125.0100","125.7500","122.9700"
"2015/10/22","124.3600","5854207.0000","123.9000","124.4800","122.8800"
"2015/10/21","123.3000","3491996.0000","123.2900","124.0200","122.7500"
"2015/10/20","122.8500","3318157.0000","122.8900","123.1700","122.3500"
"2015/10/19","123.1000","3096601.0000","122.6100","123.2000","122.2000"
"2015/10/16","122.7400","4064197.0000","121.6300","122.8200","121.6300"
"2015/10/15","121.8100","3444075.0000","120.6200","122.0300","120.4000"
"2015/10/14","120.2700","5200401.0000","121.3300","121.8800","119.5600"
"2015/10/13","121.6100","2968903.0000","121.7700","122.2900","121.1400"
"2015/10/12","121.9000","2861888.0000","121.4900","122.4500","121.0000"
"2015/10/09","121.3300","3893261.0000","121.2700","121.5000","120.4700"
"2015/10/08","121.0600","4954066.0000","119.3100","121.2300","119.1500"
"2015/10/07","119.6500","4810650.0000","119.2000","119.8400","118.4900"
"2015/10/06","118.6800","5272348.0000","119.1000","119.2000","117.9700"
"2015/10/05","119.2000","4528383.0000","118.7500","119.2900","117.9100"
"2015/10/02","117.8100","4359213.0000","115.5600","117.9000","114.7100"
"2015/10/01","117.0300","5208609.0000","116.2300","117.1300","114.7400"
"2015/09/30","115.4900","5389841.0000","114.3700","115.6300","114.0000"
"2015/09/29","112.9100","7904719.0000","114.2100","114.9300","111.8000"
"2015/09/28","114.1000","5990974.0000","116.5300","117.3800","113.8500"
"2015/09/25","116.7400","5477767.0000","117.2300","118.1650","116.0400"
"2015/09/24","116.3400","5169510.0000","115.3400","116.6500","114.8401"
"2015/09/23","116.1700","4084807.0000","115.8500","116.5500","115.6600"
"2015/09/22","115.8000","4629943.0000","115.4000","116.3900","114.8900"
"2015/09/21","116.5800","5201539.0000","115.9600","117.1100","115.2700"
"2015/09/18","115.1200","11364370.0000","116.5100","117.2000","114.9800"
"2015/09/17","117.9100","6547673.0000","118.3300","119.8200","117.2710"
"2015/09/16","117.8200","5282176.0000","116.0800","118.0250","115.9700"
"2015/09/15","116.1800","4991266.0000","114.7800","116.6300","113.9000"
"2015/09/14","114.7300","4247741.0000","115.5000","115.6800","114.4150"
"2015/09/11","115.4400","4472436.0000","113.9700","115.4600","113.7000"
"2015/09/10","114.4900","5253580.0000","114.0000","115.4100","113.6900"
"2015/09/09","113.9700","5286652.0000","117.1100","117.4700","113.7000"
"2015/09/08","116.4300","5775492.0000","115.6900","116.6400","114.7300"
"2015/09/04","114.4200","5748848.0000","114.6800","115.6900","113.4900"
"2015/09/03","116.6000","5290782.0000","117.0300","118.0800","116.1800"
"2015/09/02","116.4800","6486188.0000","114.8300","116.4800","114.3200"
"2015/09/01","113.0700","7388487.0000","113.9900","114.7500","112.5600"
"2015/08/31","116.4600","5443965.0000","117.0100","117.4900","115.9300"
"2015/08/28","117.5200","5015891.0000","117.4300","118.4600","116.9200"
"2015/08/27","117.6600","7569258.0000","117.5000","118.0900","115.3300"
"2015/08/26","115.9300","9309031.0000","114.0600","116.0300","112.0800"
"2015/08/25","110.9700","10211810.0000","117.0000","117.0000","110.8900"
"2015/08/24","112.5400","13981320.0000","110.0500","115.8800","92.1685"
"2015/08/21","116.1600","10180150.0000","119.5400","120.3600","116.1500"
"2015/08/20","120.5400","5554262.0000","121.9800","122.5300","120.5400"
"2015/08/19","122.7600","6487106.0000","122.6700","123.7900","122.1300"
"2015/08/18","122.8000","11020570.0000","121.8300","123.8000","121.1500"
"2015/08/17","119.7000","7236355.0000","119.1000","120.7500","118.7300"
"2015/08/14","119.7500","5133922.0000","119.3000","119.8900","118.4600"
"2015/08/13","119.0200","6255309.0000","118.0000","120.1400","117.7900"
"2015/08/12","117.6900","4619961.0000","117.1300","117.8800","115.7000"
"2015/08/11","117.6900","4080003.0000","117.0200","118.1400","116.7600"
"2015/08/10","117.6000","3408870.0000","117.5300","118.3400","117.3600"
"2015/08/07","116.9300","3985469.0000","116.7000","117.1600","115.7800"
"2015/08/06","116.5600","4768769.0000","118.3900","118.5000","116.0700"
"2015/08/05","118.0000","4299026.0000","118.3800","118.5300","117.1001"
"2015/08/04","117.5300","3005356.0000","116.6300","117.8200","116.2500"
"2015/08/03","116.8900","3645105.0000","117.6200","117.7000","116.1600"
"2015/07/31","117.0300","4301048.0000","116.9800","118.1300","116.3700"
"2015/07/30","116.4600","3290936.0000","115.9400","116.7400","115.3450"
"2015/07/29","116.3700","5100276.0000","115.1600","116.7600","115.1100"
"2015/07/28","114.8400","4176783.0000","113.7600","115.0300","113.1800"
"2015/07/27","113.0700","4465267.0000","113.3700","113.8900","112.7100"
"2015/07/24","113.5900","4427420.0000","114.7400","115.2300","113.4300"
"2015/07/23","114.5900","4308850.0000","115.2100","116.1100","114.4300"
"2015/07/22","114.9000","5483043.0000","113.9600","115.0800","113.8000"
"2015/07/21","113.8600","4658165.0000","113.4100","113.9700","112.6780"
"2015/07/20","113.4100","6107437.0000","112.2500","114.1095","112.1700"
"2015/07/17","114.4700","5497466.0000","114.4900","115.0000","114.0000"
"2015/07/16","114.7300","5234624.0000","115.8700","115.9100","113.8300"
"2015/07/15","115.5800","3365021.0000","115.4200","116.1500","115.0700"
"2015/07/14","115.3600","3688831.0000","114.5000","115.5300","114.3900"
"2015/07/13","114.9000","4168032.0000","114.2100","115.0200","114.0655"
"2015/07/10","113.1000","4631403.0000","112.6700","113.4800","112.0900"
"2015/07/09","111.3800","3642461.0000","112.3200","112.5900","111.2000"
"2015/07/08","111.0000","3793965.0000","111.7200","112.4600","110.8000"
"2015/07/07","112.4000","5515747.0000","111.7200","112.6399","110.7000"
"2015/07/06","111.3200","3864564.0000","110.2700","111.9300","110.1700"
"2015/07/02","111.4900","3845043.0000","112.5800","112.7500","111.1000"
"2015/07/01","112.0700","4213677.0000","112.4500","112.8100","111.4700"
"2015/06/30","111.1300","5938639.0000","111.1500","111.7600","110.5900"
"2015/06/29","110.5400","5185549.0000","111.5600","112.3200","110.4600"
"2015/06/26","112.6000","4169908.0000","112.7700","113.3400","112.2300"
"2015/06/25","112.2400","4466982.0000","113.2400","113.7100","112.2400"
"2015/06/24","112.3500","3716056.0000","112.9400","113.6800","112.3500"
"2015/06/23","113.1800","3075714.0000","113.2400","113.5900","112.9300"
"2015/06/22","113.0700","3190171.0000","112.9300","113.6200","112.7800"
"2015/06/19","112.4300","9198689.0000","111.6400","113.3000","111.4400"
"2015/06/18","111.8500","7222290.0000","111.0600","112.3000","110.7600"
"2015/06/17","110.4700","5722044.0000","110.7300","111.2900","109.9600"
"2015/06/16","110.2300","3466508.0000","109.9000","110.4500","109.7500"
"2015/06/15","110.0100","3965003.0000","110.2300","110.4550","109.5500"
"2015/06/12","110.6000","4301814.0000","110.8900","111.5900","110.4150"
"2015/06/11","111.2900","3642764.0000","111.0000","112.3300","111.0000"
"2015/06/10","110.9800","3967821.0000","109.9000","111.1900","109.3900"
"2015/06/09","109.5300","3658009.0000","109.7900","110.2500","109.0300"
"2015/06/08","109.9300","3449460.0000","110.1400","110.8100","109.8300"
"2015/06/05","110.3700","4504835.0000","111.3400","111.3600","110.2700"
"2015/06/04","111.4600","4328286.0000","112.5200","113.1600","111.1745"
"2015/06/03","113.1600","6337495.0000","111.7200","113.4800","111.4500"
"2015/06/02","111.5900","6088000.0000","110.7500","112.1800","110.6400"
"2015/06/01","111.6700","5114792.0000","111.9700","112.3400","111.2500"
"2015/05/29","111.4200","5308473.0000","111.8400","112.5900","111.3700"
"2015/05/28","112.1900","2805141.0000","111.9100","112.7000","111.8600"
"2015/05/27","112.1600","4147590.0000","111.0400","112.5300","110.8100"
"2015/05/26","110.9300","4609606.0000","112.0000","112.1800","110.6900"
"2015/05/22","112.1600","3693382.0000","111.8700","112.5300","111.4600"
"2015/05/21","112.0100","4237562.0000","111.9800","112.3299","111.6200"
"2015/05/20","112.1000","7003181.0000","112.1900","112.8900","111.2200"
"2015/05/19","112.3400","11129240.0000","116.1200","116.4800","112.3400"
"2015/05/18","114.3300","6849372.0000","113.8700","114.6000","113.1600"
"2015/05/15","113.3500","4565344.0000","111.9200","113.4000","111.8200"
"2015/05/14","111.9400","3815483.0000","112.0500","112.2200","110.8300"
"2015/05/13","111.1900","4340551.0000","112.9200","112.9500","111.1000"
"2015/05/12","112.5200","4051081.0000","111.1200","112.8200","110.8300"
"2015/05/11","111.9000","3724195.0000","112.2400","112.9100","111.8100"
"2015/05/08","112.4700","6435206.0000","112.4000","113.4825","112.1100"
"2015/05/07","110.0400","5399920.0000","108.4000","110.7199","108.2500"
"2015/05/06","108.3100","3996633.0000","108.2000","108.9100","107.2401"
"2015/05/05","108.0600","4164181.0000","109.2000","109.8800","107.9800"
"2015/05/04","110.0600","3366614.0000","109.9400","110.4497","109.3200"
"2015/05/01","109.5500","6696297.0000","106.9800","109.7900","106.8500"
"2015/04/30","106.9800","9036894.0000","108.5600","109.2100","106.6200"
"2015/04/29","108.7100","7230859.0000","110.1700","110.3100","108.0700"
"2015/04/28","110.5800","5743170.0000","110.9000","111.7700","110.0500"
"2015/04/27","111.3900","5617188.0000","114.0500","114.1100","111.2800"
"2015/04/24","113.7000","2879114.0000","113.8800","114.0400","112.9000"
"2015/04/23","113.9600","3945180.0000","112.7400","114.5100","112.5600"
"2015/04/22","112.9900","4065277.0000","113.2000","113.3100","112.1900"
"2015/04/21","113.1700","3899593.0000","113.5000","113.9800","112.5000"
"2015/04/20","112.8600","4396662.0000","113.0000","113.6900","112.6800"
"2015/04/17","112.1000","6243558.0000","112.9100","113.1100","111.7701"
"2015/04/16","113.3700","4012490.0000","113.3400","113.9900","113.0200"
"2015/04/15","113.4500","4210840.0000","114.5800","115.2100","113.3800"
"2015/04/14","114.0500","4072426.0000","114.2000","114.9800","113.1100"
"2015/04/13","114.4400","2981806.0000","114.9600","115.4300","114.3500"
"2015/04/10","115.2400","3658058.0000","114.4700","115.6500","114.4200"
"2015/04/09","114.5700","4673830.0000","115.4600","116.2446","114.1400"
"2015/04/08","115.5900","3750565.0000","113.9700","115.8100","113.8300"
"2015/04/07","114.3000","3189099.0000","114.8300","115.7900","114.2300"
"2015/04/06","114.9500","3249993.0000","113.4500","115.5500","113.4100"
"2015/04/02","114.5400","4064897.0000","112.6100","114.9200","112.5200"
"2015/04/01","113.1300","4737287.0000","113.8800","114.0000","112.4300"
"2015/03/31","113.6100","4126894.0000","113.7000","115.3700","113.5500"
"2015/03/30","114.6300","3965423.0000","114.9600","116.0500","114.5300"
"2015/03/27","113.8600","3878710.0000","112.0800","114.2300","112.0000"
"2015/03/26","112.3700","5406583.0000","113.3600","113.4300","111.5800"
"2015/03/25","113.6800","4724133.0000","115.9600","116.6100","113.6400"
"2015/03/24","116.1500","4018886.0000","116.2000","117.8300","116.0400"
"2015/03/23","116.0700","4094326.0000","117.0400","117.7500","116.0700"
"2015/03/20","117.4900","8442616.0000","115.5500","117.9900","115.3300"
"2015/03/19","115.1600","3538400.0000","116.2100","116.4300","115.0700"
"2015/03/18","116.0800","4773212.0000","115.4100","116.4200","113.3101"
"2015/03/17","115.5800","3715820.0000","115.4500","116.0799","115.1400"
"2015/03/16","116.5000","4818109.0000","115.3300","116.6100","115.3200"
"2015/03/13","114.8200","4626684.0000","115.9900","116.3100","114.0000"
"2015/03/12","116.1000","5741665.0000","113.8500","116.4600","113.7700"
"2015/03/11","113.0700","4356487.0000","112.6800","113.8000","112.4100"
"2015/03/10","112.5600","5684508.0000","113.8500","114.3400","112.5600"
"2015/03/09","115.2500","5350753.0000","114.3800","115.4800","114.3700"
"2015/03/06","114.4500","5168453.0000","115.9600","115.9600","114.0000"
"2015/03/05","115.9100","4088931.0000","115.2300","116.0980","115.0600"
"2015/03/04","114.7600","3798585.0000","115.3900","115.4700","114.2500"
"2015/03/03","116.0700","3781749.0000","116.1100","116.1200","114.8000"
"2015/03/02","116.1200","5971673.0000","114.8600","117.0600","114.8600"
"2015/02/27","114.7500","5729326.0000","115.1900","115.6700","114.5550"
"2015/02/26","115.3800","5649527.0000","116.0000","116.4200","115.2000"
"2015/02/25","116.3100","7327196.0000","117.3500","117.3500","115.8500"
"2015/02/24","116.7500","12768260.0000","117.5000","117.9200","115.1300"
"2015/02/23","112.2800","5620773.0000","112.9900","113.1600","111.8000"
"2015/02/20","112.2400","7266499.0000","110.8100","112.2500","110.0500"
"2015/02/19","110.9400","5910566.0000","112.0100","112.4470","110.6350"
"2015/02/18","111.9900","3731011.0000","111.6000","112.1700","111.0000"
"2015/02/17","112.0000","6029620.0000","111.6900","112.2250","110.6200"
"2015/02/13","111.8900","5099168.0000","112.0100","112.3900","111.3000"
"2015/02/12","112.1600","4589899.0000","110.8100","112.2000","110.2100"
"2015/02/11","110.3100","4553751.0000","110.6000","110.7980","109.8100"
"2015/02/10","110.6700","5254372.0000","108.7900","110.8500","108.6600"
"2015/02/09","108.3400","3943688.0000","108.8800","109.4600","108.0400"
"2015/02/06","109.0400","4223512.0000","109.2800","109.7400","108.4600"
"2015/02/05","108.9900","4471776.0000","108.9800","109.3400","108.1500"
"2015/02/04","108.4100","6765342.0000","107.0900","109.0000","106.7500"
"2015/02/03","107.2400","5969710.0000","104.8900","107.3200","104.8100"
"2015/02/02","104.4300","5012100.0000","104.7800","105.0000","101.5700"
"2015/01/30","104.4200","6998219.0000","106.3600","106.8600","104.3800"
"2015/01/29","107.6200","6529239.0000","105.1400","107.7400","104.5100"
"2015/01/28","104.7400","4917293.0000","105.3100","107.4300","104.6000"
"2015/01/27","105.1600","4605380.0000","104.7800","105.8137","104.4000"
"2015/01/26","106.3600","4191684.0000","105.3600","106.5000","105.0600"
"2015/01/23","105.3700","4075836.0000","106.2100","106.4800","105.3100"
"2015/01/22","106.0700","5801770.0000","104.3800","106.3100","103.5400"
"2015/01/21","103.5300","5899195.0000","103.0500","104.0600","102.5000"
"2015/01/20","103.2500","5335516.0000","104.8400","104.9500","102.3500"
"2015/01/16","104.1200","6403231.0000","100.8600","104.3100","100.2400"
"2015/01/15","101.0100","6894309.0000","103.3200","103.6500","100.8200"
"2015/01/14","102.6400","5384438.0000","102.4200","103.4100","101.8800"
"2015/01/13","103.7300","5394401.0000","105.4100","106.0400","103.1500"
"2015/01/12","104.4200","4992830.0000","105.1700","105.2900","104.0600"
"2015/01/09","104.8900","5717459.0000","106.8800","106.8800","104.8200"
"2015/01/08","106.7200","6467399.0000","105.3700","106.9900","105.0200"
"2015/01/07","104.4100","5089901.0000","102.2900","104.4700","101.9950"
"2015/01/06","100.9500","4912939.0000","102.0700","102.0700","100.3400"
"2015/01/05","101.2600","5878149.0000","102.7800","102.7800","100.7900"
"2015/01/02","103.4300","4324195.0000","105.1600","105.6548","102.6700"
"2014/12/31","104.9700","5821181.0000","104.7500","106.0200","104.5600"
"2014/12/30","104.2700","2924470.0000","104.4400","104.7400","103.8500"
"2014/12/29","104.5300","3488956.0000","103.5800","104.8000","103.2610"
"2014/12/26","103.7500","2594775.0000","103.9800","104.3202","103.4800"
"2014/12/24","103.5600","1819047.0000","104.0500","104.3792","103.5600"
"2014/12/23","103.7600","4067319.0000","103.6600","104.2000","103.3200"
"2014/12/22","103.5000","5383382.0000","102.2500","103.5700","102.2300"
"2014/12/19","101.9300","12489180.0000","100.9200","102.0000","100.8100"
"2014/12/18","100.6700","6585262.0000","100.3400","100.6900","99.3000"
"2014/12/17","98.9400","6091737.0000","97.5900","99.1400","97.0900"
"2014/12/16","97.0600","7831414.0000","99.3800","100.2320","96.9900"
"2014/12/15","100.0500","5476127.0000","100.0100","101.2400","99.2900"
"2014/12/12","99.7800","5985138.0000","99.6900","101.2500","99.3900"
"2014/12/11","100.2700","6863672.0000","99.2800","101.4000","99.1500"
"2014/12/10","98.9400","5356939.0000","99.3600","100.2300","98.8200"
"2014/12/09","99.6400","5280581.0000","99.6900","99.9800","98.5856"
"2014/12/08","100.4300","6624329.0000","99.7100","100.9500","99.6600"
"2014/12/05","99.6400","4648988.0000","98.7700","99.6800","98.6600"
"2014/12/04","98.9500","5223599.0000","98.1500","99.1100","97.7800"
"2014/12/03","98.5900","4358974.0000","98.1000","98.7399","98.0400"
"2014/12/02","98.1600","4677554.0000","98.6200","99.0000","97.9900"
"2014/12/01","98.8800","4389479.0000","99.4900","99.6100","98.3100"
"2014/11/28","99.4000","3305799.0000","98.0600","99.8000","98.0000"
"2014/11/26","97.7000","4337943.0000","97.0600","97.7100","97.0100"
"2014/11/25","97.0100","7991894.0000","98.6400","98.8700","96.4100"
"2014/11/24","98.4000","4995047.0000","98.6800","98.9000","98.2200"
"2014/11/21","98.2800","6804741.0000","98.9800","99.1000","97.8200"
"2014/11/20","97.5700","4958379.0000","96.0800","97.9700","96.0200"
"2014/11/19","96.7000","6830660.0000","96.5500","97.3100","96.0000"
"2014/11/18","95.9800","10372680.0000","97.1500","97.7100","93.5000"
"2014/11/17","98.0300","8572357.0000","98.1700","98.9450","97.8000"
"2014/11/14","98.2400","4082079.0000","98.9000","99.0000","98.0200"
"2014/11/13","99.0000","3182748.0000","98.9000","99.3600","98.3400"
"2014/11/12","98.4900","4629148.0000","98.3000","98.7000","97.6100"
"2014/11/11","98.1400","3818401.0000","98.4600","98.7500","97.8800"
"2014/11/10","98.1600","3662160.0000","97.6400","98.1700","97.0000"
"2014/11/07","97.6500","3429460.0000","97.1700","97.7500","96.6925"
"2014/11/06","97.2900","4015328.0000","96.3500","97.5100","96.0100"
"2014/11/05","95.7800","5002514.0000","96.5900","96.8500","95.1500"
"2014/11/04","95.9600","5347584.0000","96.0600","96.1800","95.1900"
"2014/11/03","96.0900","7613883.0000","96.8100","96.8300","95.9750"
"2014/10/31","97.5200","6335892.0000","98.7800","99.2570","97.3300"
"2014/10/30","97.5200","4106690.0000","96.1200","97.8000","96.0300"
"2014/10/29","96.4200","4275440.0000","96.6200","97.2537","95.8006"
"2014/10/28","96.5900","5257781.0000","95.9100","96.6000","95.5000"
"2014/10/27","95.4700","4465104.0000","94.9600","95.6800","94.7100"
"2014/10/24","94.9900","4825237.0000","94.6000","95.1890","94.1300"
"2014/10/23","94.8000","5830512.0000","94.5000","95.5200","94.4400"
"2014/10/22","93.3400","5908873.0000","94.3000","94.9900","93.2400"
"2014/10/21","94.2000","6604719.0000","92.5300","94.3700","92.1200"
"2014/10/20","91.8500","5609429.0000","89.8700","92.0700","89.7700"
"2014/10/17","90.2400","7007260.0000","89.3000","91.1200","89.0500"
"2014/10/16","88.8800","7147588.0000","86.3500","89.7200","86.3500"
"2014/10/15","87.8500","12987450.0000","88.0900","89.1700","86.6200"
"2014/10/14","90.1000","9711348.0000","90.3700","90.5300","88.5200"
"2014/10/13","90.6000","7372091.0000","92.8800","92.9400","90.4313"
"2014/10/10","92.5500","6349811.0000","93.2300","93.8600","92.5400"
"2014/10/09","93.0700","6674674.0000","93.9100","94.7900","93.0200"
"2014/10/08","94.0900","6618942.0000","92.5700","94.1600","92.2400"
"2014/10/07","92.4700","5030302.0000","93.0400","93.5600","92.4400"
"2014/10/06","93.2600","4951721.0000","93.7200","94.2500","93.0600"
"2014/10/03","93.5400","6200083.0000","92.5200","93.6800","92.3350"
"2014/10/02","92.2400","5991202.0000","91.3100","92.4600","91.0700"
"2014/10/01","91.0200","5970668.0000","92.1400","92.3400","90.9200"
"2014/09/30","91.7400","6773028.0000","93.0300","93.2100","91.4000"
"2014/09/29","92.8800","3894623.0000","92.3700","93.1700","91.9500"
"2014/09/26","92.8400","4571390.0000","92.2900","93.0000","91.8000"
"2014/09/25","91.9000","4972066.0000","92.8000","93.0000","91.5500"
"2014/09/24","93.0200","6381357.0000","91.6800","93.1100","91.3501"
"2014/09/23","91.4900","6329968.0000","91.7900","92.2200","91.4500"
"2014/09/22","91.8900","5208741.0000","91.9800","92.4200","91.6800"
"2014/09/19","92.3400","12498810.0000","92.8500","93.7500","92.2000"
"2014/09/18","92.0900","6023071.0000","91.8300","92.4400","91.2000"
"2014/09/17","91.2200","7068459.0000","90.6300","91.5400","89.9400"
"2014/09/16","90.2700","5045137.0000","89.2700","90.7400","88.5300"
"2014/09/15","89.3800","3934961.0000","89.1800","89.5400","88.6000"
"2014/09/12","88.8400","4593705.0000","89.3800","89.5000","88.4600"
"2014/09/11","89.2200","4537833.0000","89.0700","89.4200","88.6200"
"2014/09/10","89.2500","6245282.0000","88.6600","89.4000","88.3300"
"2014/09/09","88.9300","8101277.0000","90.2100","90.3300","88.7750"
"2014/09/08","90.8200","4883709.0000","91.3800","91.7800","90.5700"
"2014/09/05","91.6100","7746361.0000","89.6600","91.6400","89.2809"
"2014/09/04","89.9300","8452200.0000","89.0000","90.7500","89.0000"
"2014/09/03","89.0000","15410010.0000","91.1100","91.3100","88.9800"
"2014/09/02","91.1500","20733660.0000","93.0400","93.3100","89.8500"
"2014/08/29","93.5000","7671323.0000","92.7400","93.5200","92.6100"
"2014/08/28","92.5100","7575652.0000","91.4000","92.7300","91.2700"
"2014/08/27","91.8700","4318054.0000","91.6800","91.9600","91.3110"
"2014/08/26","91.6300","5396390.0000","90.9800","91.8300","90.9000"
"2014/08/25","91.2000","7317039.0000","91.2500","91.8200","90.9500"
"2014/08/22","91.0300","6939238.0000","90.7400","91.3300","90.6500"
"2014/08/21","91.1500","8315128.0000","90.6800","91.8080","90.6700"
"2014/08/20","90.7500","13394130.0000","88.1700","91.0700","88.0800"
"2014/08/19","88.2300","18230060.0000","86.9000","88.9900","86.5700"
"2014/08/18","83.5900","9470539.0000","84.2100","84.6200","83.2930"
"2014/08/15","83.6900","5383543.0000","84.0350","84.0900","82.8450"
"2014/08/14","83.8600","4922998.0000","83.0900","83.9650","82.7400"
"2014/08/13","83.1200","4498611.0000","82.9800","83.3850","82.7400"
"2014/08/12","82.9200","3657060.0000","82.7500","83.0900","82.6800"
"2014/08/11","82.8800","3951965.0000","82.6100","83.0700","82.5000"
"2014/08/08","82.4300","7226493.0000","81.0700","82.4600","80.8800"
"2014/08/07","80.4700","4045922.0000","80.7500","81.0700","80.2900"
"2014/08/06","80.5200","4228246.0000","79.9400","81.0200","79.8500"
"2014/08/05","80.0300","5895423.0000","79.7800","80.8600","79.7800"
"2014/08/04","80.0300","7022543.0000","79.7000","80.2500","79.6600"
"2014/08/01","79.7500","8700584.0000","80.5600","81.0799","79.7400"
"2014/07/31","80.8500","5748862.0000","81.0900","81.5800","80.8500"
"2014/07/30","81.7600","5807328.0000","81.5000","81.8500","81.0700"
"2014/07/29","80.9800","4536457.0000","81.2100","81.8100","80.8900"
"2014/07/28","81.0700","3441091.0000","81.2000","81.3400","80.6600"
"2014/07/25","81.0300","4680092.0000","81.1000","81.3000","80.8900"
"2014/07/24","81.2000","4358872.0000","81.1900","81.5400","80.8900"
"2014/07/23","81.0200","3624880.0000","80.4600","81.0900","80.2100"
"2014/07/22","80.5400","6336052.0000","80.3600","80.7500","80.2000"
"2014/07/21","79.7100","4112787.0000","80.0100","80.0300","79.5250"
"2014/07/18","80.0800","5323227.0000","79.8000","80.2800","79.4500"
"2014/07/17","79.5500","7697331.0000","79.4500","79.8800","79.2300"
"2014/07/16","79.6600","9033661.0000","80.0400","80.2400","79.3800"
"2014/07/15","79.8600","6051871.0000","79.5000","80.0600","79.4200"
"2014/07/14","79.4600","7657163.0000","79.9200","80.0600","79.1900"
"2014/07/11","79.6100","4746427.0000","79.5900","79.9000","79.2100"
"2014/07/10","79.4000","11530910.0000","79.0500","79.5800","77.9500"
"2014/07/09","80.7300","6978811.0000","81.1100","81.2300","80.1750"
"2014/07/08","80.7600","7322874.0000","81.4200","81.5300","80.5500"
"2014/07/07","81.4200","6071028.0000","81.7300","82.0900","81.1400"
"2014/07/03","82.0500","2764040.0000","82.0700","82.3500","81.8000"
"2014/07/02","81.9800","4185721.0000","81.8400","82.1800","81.6200"
"2014/07/01","81.8200","5234564.0000","81.3200","81.9700","81.2200"
"2014/06/30","80.9600","5045310.0000","81.0200","81.2300","80.4800"
"2014/06/27","81.1300","5010745.0000","80.6500","81.4700","80.6300"
"2014/06/26","80.7500","5165179.0000","80.4500","80.9700","80.1200"
"2014/06/25","80.5300","4486289.0000","80.3600","80.6100","80.1200"
"2014/06/24","80.4300","5579118.0000","80.3800","80.8300","79.8300"
"2014/06/23","80.6400","4920429.0000","80.1600","80.8000","79.9700"
"2014/06/20","80.1700","13661010.0000","80.6900","80.8000","79.8600"
"2014/06/19","80.4400","5095449.0000","80.7100","80.8500","79.9500"
"2014/06/18","80.7100","8071483.0000","80.0300","80.7600","79.7900"
"2014/06/17","80.0200","9587270.0000","78.8400","80.4600","78.7300"
"2014/06/16","78.9000","7164369.0000","77.9600","79.0900","77.9600"
"2014/06/13","78.0700","7971776.0000","78.4900","78.5900","77.7500"
"2014/06/12","78.4300","7643311.0000","79.7300","79.7800","78.2000"
"2014/06/11","79.8100","4918060.0000","80.4600","80.7300","79.7600"
"2014/06/10","80.7400","4238446.0000","80.2600","80.8500","80.2200"
"2014/06/09","80.6100","3718643.0000","80.6300","81.3200","80.4200"
"2014/06/06","80.6400","4460294.0000","80.5800","81.2700","80.5100"
"2014/06/05","80.3800","5666434.0000","80.6700","80.8600","80.2800"
"2014/06/04","80.5400","4959660.0000","80.3200","80.8900","80.0600"
"2014/06/03","80.6700","5477706.0000","80.1900","80.8800","80.1500"
"2014/06/02","80.8400","6817683.0000","80.2500","81.0600","80.1700"
"2014/05/30","80.2300","4528008.0000","79.7700","80.2700","79.5800"
"2014/05/29","79.9000","4408854.0000","79.8800","79.9900","79.4400"
"2014/05/28","79.6800","4002161.0000","79.7500","80.0000","79.2700"
"2014/05/27","79.6900","4760558.0000","79.3800","80.0000","79.3000"
"2014/05/23","79.1800","5003115.0000","78.7700","79.4000","78.5100"
"2014/05/22","78.7800","5265269.0000","77.7600","79.0500","77.7600"
"2014/05/21","78.0800","6693930.0000","78.2500","78.5100","77.7500"
"2014/05/20","77.9600","15431800.0000","77.9200","78.8200","77.4000"
"2014/05/19","76.5000","7733780.0000","76.5800","77.0700","76.3700"
"2014/05/16","77.3600","7037154.0000","76.7900","77.3700","76.6576"
"2014/05/15","76.2400","6304743.0000","76.0500","76.2900","75.3200"
"2014/05/14","76.3100","6869972.0000","77.3300","77.3700","76.1700"
"2014/05/13","77.2700","5455195.0000","78.3600","78.6750","77.0400"
"2014/05/12","78.2700","4324168.0000","77.8200","78.4400","77.7506"
"2014/05/09","77.7100","4345185.0000","77.0600","77.7500","76.8100"
"2014/05/08","77.0500","5484906.0000","76.9400","77.7300","76.6600"
"2014/05/07","77.0800","5378509.0000","77.8500","77.9600","76.5200"
"2014/05/06","77.4200","6470591.0000","78.6400","78.7550","77.3500"
"2014/05/05","78.6900","3520928.0000","79.0400","79.1800","78.5600"
"2014/05/02","79.4000","3738436.0000","79.3200","80.1600","79.1550"
"2014/05/01","79.3300","3936711.0000","79.5100","79.6500","78.9500"
"2014/04/30","79.5100","8524111.0000","79.7400","79.7400","78.7300"
"2014/04/29","79.5200","5146542.0000","80.3200","80.3200","79.5200"
"2014/04/28","80.1700","14562450.0000","79.5300","81.1500","79.3300"
"2014/04/25","79.3800","6381363.0000","79.4100","79.7000","79.0300"
"2014/04/24","79.7700","7271561.0000","78.9700","79.8100","78.7200"
"2014/04/23","78.5200","7496778.0000","79.8700","80.0500","78.4401"
"2014/04/22","79.6700","11188380.0000","78.7400","80.2300","78.6300"
"2014/04/21","77.9600","6252090.0000","78.3500","78.3500","77.6700"
"2014/04/17","77.0900","6874985.0000","76.2600","77.6800","75.9100"
"2014/04/16","76.5800","6104612.0000","76.4200","76.5800","75.8000"
"2014/04/15","75.8900","7022929.0000","76.2900","76.4000","74.6100"
"2014/04/14","75.9700","8677247.0000","76.3000","76.8600","75.5100"
"2014/04/11","75.7000","8399109.0000","76.6200","77.0600","75.6500"
"2014/04/10","76.7800","6201531.0000","77.6200","78.2200","76.7000"
"2014/04/09","77.7600","8027604.0000","77.2400","77.9300","77.1400"
"2014/04/08","77.1100","7370955.0000","76.9100","77.4400","76.4200"
"2014/04/07","77.1300","11121260.0000","78.6900","78.6900","77.0300"
"2014/04/04","78.7200","6422002.0000","79.6400","79.7000","78.4900"
"2014/04/03","79.4000","5505425.0000","79.9500","80.0200","78.9800"
"2014/04/02","79.9500","6611747.0000","79.5400","80.7600","79.4850"
"2014/04/01","79.3800","6697614.0000","79.2400","80.2900","79.2400"
"2014/03/31","79.1300","5736200.0000","79.2100","79.3300","78.8400"
"2014/03/28","78.7200","5132162.0000","78.9200","79.5000","78.4900"
"2014/03/27","78.6800","5787123.0000","78.6300","79.0200","78.3700"
"2014/03/26","78.8700","6364569.0000","79.4900","79.7800","78.7000"
"2014/03/25","79.4700","5364047.0000","80.0500","80.0900","79.1599"
"2014/03/24","79.6600","7574236.0000","80.4100","80.4600","79.2000"
"2014/03/21","80.4200","10086150.0000","80.7800","81.9000","80.2500"
"2014/03/20","80.0900","5097830.0000","79.7100","80.2400","79.4700"
"2014/03/19","79.7500","6568371.0000","79.9700","80.4850","79.4000"
"2014/03/18","79.8200","5032166.0000","79.6500","80.5600","79.6200"
"2014/03/17","79.5800","5547629.0000","79.5700","80.1850","79.2500"
"2014/03/14","79.3800","6724041.0000","78.8200","79.8800","78.7900"
"2014/03/13","78.8000","7665827.0000","81.0600","81.0600","78.7200"
"2014/03/12","80.5600","7048729.0000","80.7300","80.8500","80.2400"
"2014/03/11","81.2900","4667867.0000","81.6900","81.8499","81.0500"
"2014/03/10","82.1800","4138981.0000","82.4400","82.5400","81.7300"
"2014/03/07","82.5500","5287667.0000","82.6100","82.6700","82.0400"
"2014/03/06","82.4100","6168357.0000","82.7800","82.8900","82.2300"
"2014/03/05","82.9100","5069930.0000","82.9100","83.2000","82.5750"
"2014/03/04","82.8700","6367641.0000","82.8900","83.2000","82.7100"
"2014/03/03","82.0000","8359542.0000","80.7300","82.0299","80.6200"
"2014/02/28","82.0300","7239631.0000","81.8900","83.1000","81.3900"
"2014/02/27","81.9700","6040850.0000","81.6600","82.2000","80.6100"
"2014/02/26","81.7000","9737766.0000","80.9900","82.7100","80.7900"
"2014/02/25","80.9800","13421680.0000","79.6800","81.0000","79.3300"
"2014/02/24","77.8700","11739470.0000","77.8400","78.2500","77.4600"
"2014/02/21","77.7400","7764529.0000","77.3600","78.0400","77.3600"
"2014/02/20","77.4800","5852170.0000","76.5900","77.5600","76.5400"
"2014/02/19","76.4500","7767813.0000","77.2500","77.5200","76.4000"
"2014/02/18","77.5700","4954668.0000","77.9200","78.0800","77.0700"
"2014/02/14","77.9300","4754256.0000","77.7500","78.1300","77.3200"
"2014/02/13","77.5900","6586929.0000","77.3400","77.8654","76.9400"
"2014/02/12","77.2800","7345888.0000","76.9100","77.3300","76.6700"
"2014/02/11","76.7000","6292925.0000","76.4400","76.9900","76.1700"
"2014/02/10","76.4100","6343565.0000","76.5600","76.5900","75.8800"
"2014/02/07","76.4500","6223654.0000","76.1700","76.6000","75.8500"
"2014/02/06","76.1600","6107123.0000","75.1900","76.2000","75.1700"
"2014/02/05","75.2600","10080320.0000","74.7300","75.5450","73.9600"
"2014/02/04","74.9700","9573437.0000","75.5100","75.8500","74.1700"
"2014/02/03","75.0900","9527012.0000","76.6400","76.7300","74.9300"
"2014/01/31","76.8500","10592160.0000","76.2000","77.4700","75.8500"
"2014/01/30","76.9300","6820872.0000","77.2300","77.7600","76.6499"
"2014/01/29","76.6800","9195317.0000","78.2800","78.7500","76.6300"
"2014/01/28","78.5400","10586490.0000","78.4200","78.9300","77.8210"
"2014/01/27","78.9400","6591201.0000","78.8600","79.1700","78.5200"
"2014/01/24","79.1600","7120460.0000","79.6100","80.0000","79.1600"
"2014/01/23","80.2400","6386966.0000","79.6200","80.3000","79.1900"
"2014/01/22","80.2000","5821612.0000","80.6600","80.8100","79.9200"
"2014/01/21","80.4600","6932848.0000","81.3000","81.5000","79.8100"
"2014/01/17","81.0000","6177964.0000","81.3200","81.3500","80.6500"
"2014/01/16","81.2600","4871229.0000","80.9000","81.3800","80.7800"
"2014/01/15","81.0700","5196781.0000","80.8500","81.4300","80.7400"
"2014/01/14","81.0100","5217305.0000","81.2800","81.4880","80.6100"
"2014/01/13","80.9700","6952443.0000","81.6100","82.1300","80.9600"
"2014/01/10","82.0100","4980999.0000","81.7200","82.0400","81.4200"
"2014/01/09","81.5700","4966037.0000","81.9000","81.9400","80.9750"
"2014/01/08","81.9300","4662272.0000","81.5400","81.9400","81.0300"
"2014/01/07","81.5000","4630919.0000","81.3100","81.9200","81.0800"
"2014/01/06","81.1000","11188820.0000","81.6500","81.9800","81.1000"
"2014/01/03","81.8900","3897892.0000","81.9100","82.4800","81.8300"
"2014/01/02","82.0200","4253436.0000","82.1100","82.5700","81.8000"
"2013/12/31","82.3400","4493565.0000","81.9900","82.4700","81.7150"
"2013/12/30","81.9400","3526134.0000","81.6700","81.9800","81.4590"
"2013/12/27","81.6400","3961946.0000","81.6500","82.2400","81.2200"
"2013/12/26","81.5500","3848844.0000","80.8400","81.7400","80.8100"
"2013/12/24","80.6400","1819821.0000","80.5600","80.9600","80.5600"
"2013/12/23","80.5600","3941347.0000","80.0700","80.9200","80.0400"
"2013/12/20","80.0400","11232930.0000","80.1800","80.8300","80.0400"
"2013/12/19","79.9500","6620775.0000","80.0800","80.4700","79.6400"
"2013/12/18","80.0500","8170261.0000","78.8000","80.0600","78.3101"
"2013/12/17","78.6200","6225973.0000","79.3100","79.3700","78.6100"
"2013/12/16","79.1000","7088525.0000","79.2100","79.7600","78.9300"
"2013/12/13","79.0100","6027082.0000","79.0900","79.5700","78.5200"
"2013/12/12","78.5300","8535166.0000","78.9900","79.2000","78.2800"
"2013/12/11","79.0000","7827675.0000","78.3800","79.8100","78.3800"
"2013/12/10","78.6100","7437628.0000","79.3200","79.9300","78.4000"
"2013/12/09","79.6000","5799770.0000","79.9100","80.6000","79.5300"
"2013/12/06","79.8400","5094551.0000","79.0800","80.0500","78.8100"
"2013/12/05","78.5400","6264911.0000","78.3200","79.5400","78.2700"
"2013/12/04","78.4000","7148759.0000","78.1500","78.7500","77.7000"
"2013/12/03","78.7100","7276894.0000","78.9600","79.4800","78.3100"
"2013/12/02","79.7700","5915591.0000","80.4500","80.7500","79.5200"
"2013/11/29","80.6700","3372554.0000","80.8800","81.3900","80.6300"
"2013/11/27","80.6600","5449999.0000","80.3400","80.7500","80.1200"
"2013/11/26","80.3500","9360711.0000","80.2100","80.9000","80.0900"
"2013/11/25","79.7500","5496060.0000","79.3000","80.0400","79.3000"
"2013/11/22","79.1800","7786247.0000","79.6000","79.8200","78.7800"
"2013/11/21","79.8300","5618639.0000","80.0600","80.0600","79.3600"
"2013/11/20","79.7500","7236910.0000","80.7300","80.7300","79.3800"
"2013/11/19","80.3800","12234410.0000","82.2200","82.2700","80.2600"
"2013/11/18","79.6700","8611705.0000","80.0000","80.4699","79.1900"
"2013/11/15","80.0300","10400400.0000","78.8400","80.0900","78.5626"
"2013/11/14","78.9400","6816478.0000","78.1400","79.3400","78.0600"
"2013/11/13","77.6000","7049386.0000","75.6900","77.6900","75.6900"
"2013/11/12","76.1800","6629223.0000","75.8400","76.5900","75.7200"
"2013/11/11","75.3700","5774005.0000","75.2700","75.6671","74.9300"
"2013/11/08","75.4800","9215266.0000","75.2800","75.7100","74.7800"
"2013/11/07","75.6900","5392468.0000","76.8200","77.1900","75.6700"
"2013/11/06","76.4200","5065727.0000","76.7200","76.7900","75.9100"
"2013/11/05","76.6500","6035337.0000","76.7800","76.8000","76.0700"
"2013/11/04","77.0000","3906518.0000","77.1800","77.4200","76.6100"
"2013/11/01","76.9900","7178344.0000","77.9800","78.0300","76.8400"
"2013/10/31","77.8900","7560743.0000","77.9900","78.4461","77.5200"
"2013/10/30","77.8800","7251856.0000","77.6800","78.6000","77.5200"
"2013/10/29","77.5000","7248015.0000","76.4500","77.5500","76.3900"
"2013/10/28","76.0600","7692306.0000","76.1500","76.4000","75.8000"
"2013/10/25","76.2500","5931374.0000","76.5500","76.6100","76.0100"
"2013/10/24","76.7800","7927389.0000","75.4200","76.8400","75.4100"
"2013/10/23","75.0800","5526080.0000","74.5400","75.4100","74.5100"
"2013/10/22","74.8600","6838493.0000","75.0400","75.1250","74.5901"
"2013/10/21","74.6200","7552031.0000","74.6000","74.8000","74.1500"
"2013/10/18","74.6900","14334800.0000","75.2600","75.5000","73.7400"
"2013/10/17","75.7400","7176370.0000","74.5100","75.8100","74.5050"
"2013/10/16","74.9400","12857770.0000","75.4400","75.5900","74.5700"
"2013/10/15","75.1800","6645372.0000","76.1400","76.2400","75.0900"
"2013/10/14","76.3500","4119042.0000","75.7400","76.5200","75.5900"
"2013/10/11","76.3200","6919428.0000","75.4500","76.6300","75.4200"
"2013/10/10","75.5100","6092849.0000","75.0400","75.5100","74.7400"
"2013/10/09","74.1400","6817619.0000","74.3500","74.6400","73.9000"
"2013/10/08","74.2700","8997924.0000","75.0200","75.2700","74.1700"
"2013/10/07","75.1300","5087016.0000","75.4000","75.8500","75.0939"
"2013/10/04","75.7800","4855790.0000","75.8000","76.2450","75.4800"
"2013/10/03","75.8800","6979725.0000","76.4000","76.8300","75.5100"
"2013/10/02","76.3200","5118372.0000","75.8600","76.3800","75.4400"
"2013/10/01","76.2600","4401271.0000","75.8800","76.4200","75.6400"
"2013/09/30","75.8500","6261690.0000","75.1800","76.0800","74.9600"
"2013/09/27","75.9600","4058704.0000","75.6500","76.0940","75.3800"
"2013/09/26","76.0700","3798205.0000","75.6200","76.4200","75.6200"
"2013/09/25","75.5200","6785628.0000","75.8800","76.3100","75.2600"
"2013/09/24","76.0400","5302955.0000","75.8000","76.7900","75.5800"
"2013/09/23","75.9100","6248835.0000","76.4600","76.7600","75.7650"
"2013/09/20","77.0000","14145790.0000","78.8100","78.8100","77.0000"
"2013/09/19","78.5100","7693716.0000","77.8400","78.7200","77.6400"
"2013/09/18","77.3700","10594320.0000","75.7700","77.9800","75.3500"
"2013/09/17","75.8000","6825612.0000","75.6400","76.1500","75.5700"
"2013/09/16","75.5400","8059689.0000","76.0500","76.2900","75.2000"
"2013/09/13","75.1100","4888448.0000","75.3300","75.4100","74.8400"
"2013/09/12","75.4000","6872191.0000","75.1800","75.7400","74.9700"
"2013/09/11","75.0400","6441482.0000","74.6600","75.1100","74.1600"
"2013/09/10","74.6000","6438730.0000","73.9600","74.6500","73.7413"
"2013/09/09","73.5800","5781756.0000","72.9800","73.7900","72.9000"
"2013/09/06","72.7000","9968421.0000","73.5500","73.5600","72.2100"
"2013/09/05","72.9900","11039010.0000","74.0700","74.2100","72.8400"
"2013/09/04","74.1400","8271376.0000","73.9800","74.5100","73.7400"
"2013/09/03","73.9000","7793336.0000","74.8300","75.2500","73.6800"
"2013/08/30","74.4900","6331330.0000","75.1200","75.1300","74.1800"
"2013/08/29","75.0500","5704196.0000","74.9700","75.6600","74.8000"
"2013/08/28","75.0300","7076031.0000","74.1100","75.3200","74.0100"
"2013/08/27","74.1200","8262077.0000","74.8500","75.2300","73.9500"
"2013/08/26","75.4300","10362080.0000","73.8300","76.1500","73.8200"
"2013/08/23","73.8900","7740196.0000","74.1500","74.2000","73.1100"
"2013/08/22","74.0000","6668748.0000","73.9100","74.2000","73.3500"
"2013/08/21","73.7300","10788410.0000","74.6000","75.3300","73.4300"
"2013/08/20","74.2900","17033550.0000","77.0400","77.5000","73.6500"
"2013/08/19","75.2100","9169086.0000","75.4900","76.4400","75.1800"
"2013/08/16","75.3800","9138217.0000","75.1900","76.3500","74.9300"
"2013/08/15","75.1400","13701900.0000","76.4800","76.6000","74.8600"
"2013/08/14","77.4400","8648070.0000","79.1500","79.2300","77.1810"
"2013/08/13","79.4400","6956433.0000","79.1400","79.6400","78.0800"
"2013/08/12","79.2000","3844371.0000","78.6200","79.5400","78.5800"
"2013/08/09","78.9700","5299285.0000","79.6800","79.7300","78.5300"
"2013/08/08","80.0400","4467887.0000","79.4300","80.2200","79.0900"
"2013/08/07","78.8300","5322219.0000","79.5600","79.5700","78.6000"
"2013/08/06","80.0500","6311102.0000","79.6200","80.3300","78.7400"
"2013/08/05","79.6600","3578466.0000","79.9500","79.9548","79.3700"
"2013/08/02","80.2300","5931019.0000","78.6400","80.5000","78.5000"
"2013/08/01","78.6400","6727052.0000","79.5200","79.9700","78.6100"
"2013/07/31","79.0300","5914986.0000","78.6900","79.7300","78.6900"
"2013/07/30","78.6000","4813374.0000","79.1700","79.2700","78.5200"
"2013/07/29","78.6700","5178957.0000","78.6400","78.9800","78.3700"
"2013/07/26","78.7400","5577505.0000","78.4200","79.3700","78.2500"
"2013/07/25","78.9900","9966049.0000","80.0900","80.1000","77.8900"
"2013/07/24","80.2700","4814193.0000","80.4500","80.4700","79.5800"
"2013/07/23","80.1900","4984877.0000","80.1400","80.4700","79.8600"
"2013/07/22","80.0000","5957715.0000","79.9800","80.0600","79.2500"
"2013/07/19","79.8900","5885347.0000","79.9500","80.1200","79.4200"
"2013/07/18","80.0200","5297553.0000","80.3300","80.4500","79.9600"
"2013/07/17","80.4400","5702336.0000","80.7600","81.2300","80.3901"
"2013/07/16","80.2200","5032677.0000","80.4100","80.6900","79.8400"
"2013/07/15","80.4000","5041578.0000","80.6300","81.1500","80.1700"
"2013/07/12","80.5400","5178396.0000","79.9200","80.7500","79.9200"
"2013/07/11","79.8600","6846479.0000","80.2700","80.6800","79.5800"
"2013/07/10","79.4000","5460770.0000","79.6700","79.7000","78.6100"
"2013/07/09","79.7000","4987045.0000","79.5400","80.1500","79.3300"
"2013/07/08","79.2200","6051852.0000","78.5600","79.5400","78.5400"
"2013/07/05","78.2900","4991875.0000","77.9100","78.5600","77.4000"
"2013/07/03","77.7300","3034831.0000","76.9900","77.9900","76.9200"
"2013/07/02","77.3100","6887888.0000","77.2900","78.1200","76.9600"
"2013/07/01","76.8700","7470940.0000","77.6300","77.8099","76.6300"
"2013/06/28","77.4700","12488980.0000","76.1600","77.7900","75.9200"
"2013/06/27","76.2700","6682118.0000","75.9900","76.8200","75.8000"
"2013/06/26","75.6700","7389729.0000","74.7900","75.8700","74.5800"
"2013/06/25","74.1400","8522636.0000","74.0700","74.7250","73.8000"
"2013/06/24","73.5100","10213650.0000","72.9000","74.0200","72.4100"
"2013/06/21","73.8200","15552430.0000","74.4900","74.6900","73.0200"
"2013/06/20","73.8700","12366110.0000","75.4300","75.4300","73.8000"
"2013/06/19","75.9300","8027510.0000","77.0700","77.2700","75.9200"
"2013/06/18","77.1900","6421678.0000","76.1200","77.3700","76.1200"
"2013/06/17","76.1400","9315859.0000","77.0800","77.4800","75.6900"
"2013/06/14","76.5900","8612697.0000","76.2200","76.9500","76.0700"
"2013/06/13","76.5300","9193759.0000","76.3500","76.8300","76.0800"
"2013/06/12","76.4000","7360081.0000","78.0400","78.3000","76.3600"
"2013/06/11","77.6100","5979343.0000","77.2300","78.5300","76.9600"
"2013/06/10","77.7300","7627817.0000","78.9400","79.6800","77.5300"
"2013/06/07","78.7400","6556046.0000","77.7300","78.9700","77.5900"
"2013/06/06","77.2600","11514410.0000","75.0200","77.3700","75.0100"
"2013/06/05","75.1000","8760727.0000","76.1100","76.8500","74.9050"
"2013/06/04","76.6300","8791664.0000","78.5000","78.8200","76.0800"
"2013/06/03","79.0800","6191721.0000","78.6500","79.0800","78.0500"
"2013/05/31","78.6600","6910261.0000","79.5400","80.3800","78.6600"
"2013/05/30","79.4400","5446422.0000","79.5500","80.1000","79.1300"
"2013/05/29","79.4900","7126628.0000","79.3800","79.8700","79.0900"
"2013/05/28","79.8200","7701856.0000","79.9400","80.6300","79.4900"
"2013/05/24","78.9900","6188201.0000","78.5000","79.3900","78.3100"
"2013/05/23","78.9100","9617339.0000","78.8900","79.2500","77.7901"
"2013/05/22","79.6900","14829750.0000","79.2600","81.5600","79.1800"
"2013/05/21","78.7100","14105240.0000","79.3300","79.4700","78.0600"
"2013/05/20","76.7600","8795673.0000","76.7700","77.0000","76.5000"
"2013/05/17","76.8600","8605502.0000","76.3400","77.1500","76.2000"
"2013/05/16","76.7500","8291125.0000","77.5000","78.5400","76.6900"
"2013/05/15","77.8800","6705780.0000","77.6000","78.2500","77.4360"
"2013/05/14","77.3200","6071714.0000","76.7800","77.4200","76.7500"
"2013/05/13","76.6700","4465950.0000","76.0100","76.8500","75.9500"
"2013/05/10","76.0100","5170939.0000","76.1400","76.2000","75.4100"
"2013/05/09","75.8700","6336943.0000","75.3600","76.1800","75.3600"
"2013/05/08","75.4200","6533366.0000","75.1900","75.5000","74.9200"
"2013/05/07","75.0700","5582351.0000","75.2400","75.2841","74.5962"
"2013/05/06","75.2600","5731178.0000","73.8800","75.3700","73.8800"
"2013/05/03","73.9600","4950201.0000","73.7200","74.4100","73.7200"
"2013/05/02","73.3300","3708843.0000","72.7700","73.4800","72.5300"
"2013/05/01","72.7600","5554634.0000","73.1800","73.5900","72.6400"
"2013/04/30","73.3500","6602008.0000","73.5000","74.0100","73.2200"
"2013/04/29","73.6700","4514473.0000","73.4400","74.0200","73.3900"
"2013/04/26","73.3500","4976019.0000","73.2400","73.6900","73.1300"
"2013/04/25","73.3700","5619682.0000","73.3100","73.7900","73.2010"
"2013/04/24","73.2800","6248256.0000","73.5500","73.8500","73.2600"
"2013/04/23","73.3800","7885748.0000","74.1400","74.5900","72.6300"
"2013/04/22","73.8600","7132638.0000","73.9200","74.2200","73.2400"
"2013/04/19","74.0000","9566824.0000","72.9200","74.2750","72.7200"
"2013/04/18","72.4800","7477825.0000","72.6700","72.9000","72.2900"
"2013/04/17","72.8000","8838675.0000","72.2200","72.9700","71.9400"
"2013/04/16","72.4600","8120152.0000","72.5500","72.8000","72.0300"
"2013/04/15","72.2300","8360751.0000","73.3500","74.1900","72.2101"
"2013/04/12","73.6200","10467930.0000","72.4100","73.6600","72.1500"
"2013/04/11","71.9000","7626521.0000","71.8300","72.6000","71.7330"
"2013/04/10","71.6900","5423590.0000","71.4000","71.7850","70.9700"
"2013/04/09","71.2000","5994935.0000","71.2300","71.5700","70.9500"
"2013/04/08","71.2200","6097143.0000","69.7800","71.2500","69.7800"
"2013/04/05","70.0600","6978550.0000","70.0000","70.2500","69.6100"
"2013/04/04","70.6900","6613010.0000","70.3600","70.8000","70.0800"
"2013/04/03","70.3600","7793895.0000","70.8500","70.9400","70.0200"
"2013/04/02","71.0200","7284076.0000","69.9000","71.0500","69.8300"
"2013/04/01","69.6700","5359503.0000","69.5100","70.7700","69.5100"
"2013/03/28","69.7800","6725614.0000","69.4400","69.9600","69.3300"
"2013/03/27","69.6500","4156287.0000","69.2100","69.7000","69.0000"
"2013/03/26","70.0500","4661146.0000","69.6600","70.4000","69.5500"
"2013/03/25","69.4700","6956063.0000","69.8000","70.3600","69.2700"
"2013/03/22","69.5600","5244658.0000","69.2300","69.5700","68.8028"
"2013/03/21","68.9500","8036310.0000","68.6500","69.3100","68.4200"
"2013/03/20","68.8800","6108547.0000","69.3900","69.5500","68.8350"
"2013/03/19","68.7900","7654770.0000","69.5500","69.7400","68.5600"
"2013/03/18","69.3500","5984683.0000","68.4500","69.9100","68.4500"
"2013/03/15","69.0500","11264740.0000","70.0300","70.1900","69.0500"
"2013/03/14","70.2400","6290453.0000","70.8700","70.9600","70.1800"
"2013/03/13","70.7600","5826927.0000","70.7900","70.9400","70.3500"
"2013/03/12","70.7500","4449825.0000","70.9000","71.1400","70.4600"
"2013/03/11","71.3200","4902463.0000","71.3200","71.3800","71.0000"
"2013/03/08","71.3700","6472126.0000","70.5900","71.4500","70.3900"
"2013/03/07","70.2500","4997087.0000","70.4000","70.5000","69.9400"
"2013/03/06","70.4800","5275314.0000","70.4700","70.9590","70.2750"
"2013/03/05","70.4700","8311263.0000","70.5800","70.9650","70.1200"
"2013/03/04","70.2900","8375024.0000","68.9500","70.3000","68.9300"
"2013/03/01","69.0300","6241992.0000","68.3800","69.1150","68.0900"
"2013/02/28","68.5000","8705215.0000","67.9100","69.1876","67.8600"
"2013/02/27","68.0600","14170760.0000","67.5800","68.2800","67.3700"
"2013/02/26","67.5600","22792740.0000","65.5600","68.0000","65.4900"
"2013/02/25","63.9200","10267110.0000","65.9600","66.5500","63.8200"
"2013/02/22","65.5800","7500982.0000","64.8000","65.7400","64.5000"
"2013/02/21","64.3800","10613880.0000","65.8600","65.9200","64.2900"
"2013/02/20","66.4400","5598632.0000","67.4400","67.6000","66.3700"
"2013/02/19","67.5500","5454681.0000","67.6300","67.9200","66.9500"
"2013/02/15","67.5200","8132222.0000","67.5200","67.9890","66.8000"
"2013/02/14","67.3400","5403007.0000","67.1300","67.4700","66.9600"
"2013/02/13","67.4500","3668587.0000","67.5200","67.6700","67.1800"
"2013/02/12","67.3200","4932264.0000","66.7000","67.4300","66.5200"
"2013/02/11","66.3800","3951317.0000","66.8700","66.9800","66.2250"
"2013/02/08","67.0100","4457840.0000","66.5500","67.0200","66.4100"
"2013/02/07","66.3100","5743781.0000","66.6500","66.6961","65.8300"
"2013/02/06","66.6700","5184219.0000","66.0400","66.7225","66.0000"
"2013/02/05","66.3900","7111841.0000","66.6300","66.9300","66.3100"
"2013/02/04","66.3600","4728689.0000","66.8600","67.2200","66.3200"
